<?xml version="1.0" encoding="UTF-8"?>
<Configuration status="WARN">
    <Appenders>
        <TerminalConsole name="Console">
            <PatternLayout pattern="%cyan{%d{HH:mm:ss}} [%style{%highlight{%-5level}{STYLE=Logback}}] %minecraftFormatting{%msg}%n"/>
        </TerminalConsole>
        <RollingRandomAccessFile name="File" fileName="logs/server.log" filePattern="logs/%d{yyyy-MM-dd}-%i.log.gz">
            <PatternLayout pattern="%d{yyy-MM-dd HH:mm:ss.SSS} [%t] %-5level - %msg%n"/>
            <Policies>
                <TimeBasedTriggeringPolicy/>
                <OnStartupTriggeringPolicy/>
            </Policies>
        </RollingRandomAccessFile>
    </Appenders>
    <Loggers>
        <Root level="INFO">
            <AppenderRef ref="Console"/>
            <AppenderRef ref="File"/>
        </Root>
    </Loggers>
</Configuration>