[
    {
        "name" : "minecraft:acacia_boat",
        "id" : 379
    },
    {
        "name" : "minecraft:acacia_button",
        "id" : -140
    },
    {
        "name" : "minecraft:acacia_door",
        "id" : 556
    },
    {
        "name" : "minecraft:acacia_fence_gate",
        "id" : 187
    },
    {
        "name" : "minecraft:acacia_pressure_plate",
        "id" : -150
    },
    {
        "name" : "minecraft:acacia_sign",
        "id" : 579
    },
    {
        "name" : "minecraft:acacia_stairs",
        "id" : 163
    },
    {
        "name" : "minecraft:acacia_standing_sign",
        "id" : -190
    },
    {
        "name" : "minecraft:acacia_trapdoor",
        "id" : -145
    },
    {
        "name" : "minecraft:acacia_wall_sign",
        "id" : -191
    },
    {
        "name" : "minecraft:activator_rail",
        "id" : 126
    },
    {
        "name" : "minecraft:agent_spawn_egg",
        "id" : 487
    },
    {
        "name" : "minecraft:air",
        "id" : -158
    },
    {
        "name" : "minecraft:allow",
        "id" : 210
    },
    {
        "name" : "minecraft:amethyst_block",
        "id" : -327
    },
    {
        "name" : "minecraft:amethyst_cluster",
        "id" : -329
    },
    {
        "name" : "minecraft:amethyst_shard",
        "id" : 624
    },
    {
        "name" : "minecraft:ancient_debris",
        "id" : -271
    },
    {
        "name" : "minecraft:andesite_stairs",
        "id" : -171
    },
    {
        "name" : "minecraft:anvil",
        "id" : 145
    },
    {
        "name" : "minecraft:apple",
        "id" : 257
    },
    {
        "name" : "minecraft:armor_stand",
        "id" : 552
    },
    {
        "name" : "minecraft:arrow",
        "id" : 301
    },
    {
        "name" : "minecraft:axolotl_bucket",
        "id" : 369
    },
    {
        "name" : "minecraft:axolotl_spawn_egg",
        "id" : 500
    },
    {
        "name" : "minecraft:azalea",
        "id" : -337
    },
    {
        "name" : "minecraft:azalea_leaves",
        "id" : -324
    },
    {
        "name" : "minecraft:azalea_leaves_flowered",
        "id" : -325
    },
    {
        "name" : "minecraft:baked_potato",
        "id" : 281
    },
    {
        "name" : "minecraft:balloon",
        "id" : 598
    },
    {
        "name" : "minecraft:bamboo",
        "id" : -163
    },
    {
        "name" : "minecraft:bamboo_sapling",
        "id" : -164
    },
    {
        "name" : "minecraft:banner",
        "id" : 567
    },
    {
        "name" : "minecraft:banner_pattern",
        "id" : 628
    },
    {
        "name" : "minecraft:barrel",
        "id" : -203
    },
    {
        "name" : "minecraft:barrier",
        "id" : -161
    },
    {
        "name" : "minecraft:basalt",
        "id" : -234
    },
    {
        "name" : "minecraft:bat_spawn_egg",
        "id" : 453
    },
    {
        "name" : "minecraft:beacon",
        "id" : 138
    },
    {
        "name" : "minecraft:bed",
        "id" : 418
    },
    {
        "name" : "minecraft:bedrock",
        "id" : 7
    },
    {
        "name" : "minecraft:bee_nest",
        "id" : -218
    },
    {
        "name" : "minecraft:bee_spawn_egg",
        "id" : 494
    },
    {
        "name" : "minecraft:beef",
        "id" : 273
    },
    {
        "name" : "minecraft:beehive",
        "id" : -219
    },
    {
        "name" : "minecraft:beetroot",
        "id" : 285
    },
    {
        "name" : "minecraft:beetroot_seeds",
        "id" : 295
    },
    {
        "name" : "minecraft:beetroot_soup",
        "id" : 286
    },
    {
        "name" : "minecraft:bell",
        "id" : -206
    },
    {
        "name" : "minecraft:big_dripleaf",
        "id" : -323
    },
    {
        "name" : "minecraft:birch_boat",
        "id" : 376
    },
    {
        "name" : "minecraft:birch_button",
        "id" : -141
    },
    {
        "name" : "minecraft:birch_door",
        "id" : 554
    },
    {
        "name" : "minecraft:birch_fence_gate",
        "id" : 184
    },
    {
        "name" : "minecraft:birch_pressure_plate",
        "id" : -151
    },
    {
        "name" : "minecraft:birch_sign",
        "id" : 577
    },
    {
        "name" : "minecraft:birch_stairs",
        "id" : 135
    },
    {
        "name" : "minecraft:birch_standing_sign",
        "id" : -186
    },
    {
        "name" : "minecraft:birch_trapdoor",
        "id" : -146
    },
    {
        "name" : "minecraft:birch_wall_sign",
        "id" : -187
    },
    {
        "name" : "minecraft:black_candle",
        "id" : -428
    },
    {
        "name" : "minecraft:black_candle_cake",
        "id" : -445
    },
    {
        "name" : "minecraft:black_dye",
        "id" : 395
    },
    {
        "name" : "minecraft:black_glazed_terracotta",
        "id" : 235
    },
    {
        "name" : "minecraft:blackstone",
        "id" : -273
    },
    {
        "name" : "minecraft:blackstone_double_slab",
        "id" : -283
    },
    {
        "name" : "minecraft:blackstone_slab",
        "id" : -282
    },
    {
        "name" : "minecraft:blackstone_stairs",
        "id" : -276
    },
    {
        "name" : "minecraft:blackstone_wall",
        "id" : -277
    },
    {
        "name" : "minecraft:blast_furnace",
        "id" : -196
    },
    {
        "name" : "minecraft:blaze_powder",
        "id" : 429
    },
    {
        "name" : "minecraft:blaze_rod",
        "id" : 423
    },
    {
        "name" : "minecraft:blaze_spawn_egg",
        "id" : 456
    },
    {
        "name" : "minecraft:bleach",
        "id" : 596
    },
    {
        "name" : "minecraft:blue_candle",
        "id" : -424
    },
    {
        "name" : "minecraft:blue_candle_cake",
        "id" : -441
    },
    {
        "name" : "minecraft:blue_dye",
        "id" : 399
    },
    {
        "name" : "minecraft:blue_glazed_terracotta",
        "id" : 231
    },
    {
        "name" : "minecraft:blue_ice",
        "id" : -11
    },
    {
        "name" : "minecraft:boat",
        "id" : 626
    },
    {
        "name" : "minecraft:bone",
        "id" : 415
    },
    {
        "name" : "minecraft:bone_block",
        "id" : 216
    },
    {
        "name" : "minecraft:bone_meal",
        "id" : 411
    },
    {
        "name" : "minecraft:book",
        "id" : 387
    },
    {
        "name" : "minecraft:bookshelf",
        "id" : 47
    },
    {
        "name" : "minecraft:border_block",
        "id" : 212
    },
    {
        "name" : "minecraft:bordure_indented_banner_pattern",
        "id" : 586
    },
    {
        "name" : "minecraft:bow",
        "id" : 300
    },
    {
        "name" : "minecraft:bowl",
        "id" : 321
    },
    {
        "name" : "minecraft:bread",
        "id" : 261
    },
    {
        "name" : "minecraft:brewing_stand",
        "id" : 431
    },
    {
        "name" : "minecraft:brewingstandblock",
        "id" : 117
    },
    {
        "name" : "minecraft:brick",
        "id" : 383
    },
    {
        "name" : "minecraft:brick_block",
        "id" : 45
    },
    {
        "name" : "minecraft:brick_stairs",
        "id" : 108
    },
    {
        "name" : "minecraft:brown_candle",
        "id" : -425
    },
    {
        "name" : "minecraft:brown_candle_cake",
        "id" : -442
    },
    {
        "name" : "minecraft:brown_dye",
        "id" : 398
    },
    {
        "name" : "minecraft:brown_glazed_terracotta",
        "id" : 232
    },
    {
        "name" : "minecraft:brown_mushroom",
        "id" : 39
    },
    {
        "name" : "minecraft:brown_mushroom_block",
        "id" : 99
    },
    {
        "name" : "minecraft:bubble_column",
        "id" : -160
    },
    {
        "name" : "minecraft:bucket",
        "id" : 360
    },
    {
        "name" : "minecraft:budding_amethyst",
        "id" : -328
    },
    {
        "name" : "minecraft:cactus",
        "id" : 81
    },
    {
        "name" : "minecraft:cake",
        "id" : 417
    },
    {
        "name" : "minecraft:calcite",
        "id" : -326
    },
    {
        "name" : "minecraft:camera",
        "id" : 593
    },
    {
        "name" : "minecraft:campfire",
        "id" : 588
    },
    {
        "name" : "minecraft:candle",
        "id" : -412
    },
    {
        "name" : "minecraft:candle_cake",
        "id" : -429
    },
    {
        "name" : "minecraft:carpet",
        "id" : 171
    },
    {
        "name" : "minecraft:carrot",
        "id" : 279
    },
    {
        "name" : "minecraft:carrot_on_a_stick",
        "id" : 517
    },
    {
        "name" : "minecraft:carrots",
        "id" : 141
    },
    {
        "name" : "minecraft:cartography_table",
        "id" : -200
    },
    {
        "name" : "minecraft:carved_pumpkin",
        "id" : -155
    },
    {
        "name" : "minecraft:cat_spawn_egg",
        "id" : 488
    },
    {
        "name" : "minecraft:cauldron",
        "id" : 432
    },
    {
        "name" : "minecraft:cave_spider_spawn_egg",
        "id" : 457
    },
    {
        "name" : "minecraft:cave_vines",
        "id" : -322
    },
    {
        "name" : "minecraft:cave_vines_body_with_berries",
        "id" : -375
    },
    {
        "name" : "minecraft:cave_vines_head_with_berries",
        "id" : -376
    },
    {
        "name" : "minecraft:chain",
        "id" : 618
    },
    {
        "name" : "minecraft:chain_command_block",
        "id" : 189
    },
    {
        "name" : "minecraft:chainmail_boots",
        "id" : 342
    },
    {
        "name" : "minecraft:chainmail_chestplate",
        "id" : 340
    },
    {
        "name" : "minecraft:chainmail_helmet",
        "id" : 339
    },
    {
        "name" : "minecraft:chainmail_leggings",
        "id" : 341
    },
    {
        "name" : "minecraft:charcoal",
        "id" : 303
    },
    {
        "name" : "minecraft:chemical_heat",
        "id" : 192
    },
    {
        "name" : "minecraft:chemistry_table",
        "id" : 238
    },
    {
        "name" : "minecraft:chest",
        "id" : 54
    },
    {
        "name" : "minecraft:chest_minecart",
        "id" : 389
    },
    {
        "name" : "minecraft:chicken",
        "id" : 275
    },
    {
        "name" : "minecraft:chicken_spawn_egg",
        "id" : 435
    },
    {
        "name" : "minecraft:chiseled_deepslate",
        "id" : -395
    },
    {
        "name" : "minecraft:chiseled_nether_bricks",
        "id" : -302
    },
    {
        "name" : "minecraft:chiseled_polished_blackstone",
        "id" : -279
    },
    {
        "name" : "minecraft:chorus_flower",
        "id" : 200
    },
    {
        "name" : "minecraft:chorus_fruit",
        "id" : 558
    },
    {
        "name" : "minecraft:chorus_plant",
        "id" : 240
    },
    {
        "name" : "minecraft:clay",
        "id" : 82
    },
    {
        "name" : "minecraft:clay_ball",
        "id" : 384
    },
    {
        "name" : "minecraft:clock",
        "id" : 393
    },
    {
        "name" : "minecraft:coal",
        "id" : 302
    },
    {
        "name" : "minecraft:coal_block",
        "id" : 173
    },
    {
        "name" : "minecraft:coal_ore",
        "id" : 16
    },
    {
        "name" : "minecraft:cobbled_deepslate",
        "id" : -379
    },
    {
        "name" : "minecraft:cobbled_deepslate_double_slab",
        "id" : -396
    },
    {
        "name" : "minecraft:cobbled_deepslate_slab",
        "id" : -380
    },
    {
        "name" : "minecraft:cobbled_deepslate_stairs",
        "id" : -381
    },
    {
        "name" : "minecraft:cobbled_deepslate_wall",
        "id" : -382
    },
    {
        "name" : "minecraft:cobblestone",
        "id" : 4
    },
    {
        "name" : "minecraft:cobblestone_wall",
        "id" : 139
    },
    {
        "name" : "minecraft:cocoa",
        "id" : 127
    },
    {
        "name" : "minecraft:cocoa_beans",
        "id" : 412
    },
    {
        "name" : "minecraft:cod",
        "id" : 264
    },
    {
        "name" : "minecraft:cod_bucket",
        "id" : 364
    },
    {
        "name" : "minecraft:cod_spawn_egg",
        "id" : 480
    },
    {
        "name" : "minecraft:colored_torch_bp",
        "id" : 204
    },
    {
        "name" : "minecraft:colored_torch_rg",
        "id" : 202
    },
    {
        "name" : "minecraft:command_block",
        "id" : 137
    },
    {
        "name" : "minecraft:command_block_minecart",
        "id" : 563
    },
    {
        "name" : "minecraft:comparator",
        "id" : 522
    },
    {
        "name" : "minecraft:compass",
        "id" : 391
    },
    {
        "name" : "minecraft:composter",
        "id" : -213
    },
    {
        "name" : "minecraft:compound",
        "id" : 594
    },
    {
        "name" : "minecraft:concrete",
        "id" : 236
    },
    {
        "name" : "minecraft:concrete_powder",
        "id" : 237
    },
    {
        "name" : "minecraft:conduit",
        "id" : -157
    },
    {
        "name" : "minecraft:cooked_beef",
        "id" : 274
    },
    {
        "name" : "minecraft:cooked_chicken",
        "id" : 276
    },
    {
        "name" : "minecraft:cooked_cod",
        "id" : 268
    },
    {
        "name" : "minecraft:cooked_mutton",
        "id" : 551
    },
    {
        "name" : "minecraft:cooked_porkchop",
        "id" : 263
    },
    {
        "name" : "minecraft:cooked_rabbit",
        "id" : 289
    },
    {
        "name" : "minecraft:cooked_salmon",
        "id" : 269
    },
    {
        "name" : "minecraft:cookie",
        "id" : 271
    },
    {
        "name" : "minecraft:copper_block",
        "id" : -340
    },
    {
        "name" : "minecraft:copper_ingot",
        "id" : 504
    },
    {
        "name" : "minecraft:copper_ore",
        "id" : -311
    },
    {
        "name" : "minecraft:coral",
        "id" : -131
    },
    {
        "name" : "minecraft:coral_block",
        "id" : -132
    },
    {
        "name" : "minecraft:coral_fan",
        "id" : -133
    },
    {
        "name" : "minecraft:coral_fan_dead",
        "id" : -134
    },
    {
        "name" : "minecraft:coral_fan_hang",
        "id" : -135
    },
    {
        "name" : "minecraft:coral_fan_hang2",
        "id" : -136
    },
    {
        "name" : "minecraft:coral_fan_hang3",
        "id" : -137
    },
    {
        "name" : "minecraft:cow_spawn_egg",
        "id" : 436
    },
    {
        "name" : "minecraft:cracked_deepslate_bricks",
        "id" : -410
    },
    {
        "name" : "minecraft:cracked_deepslate_tiles",
        "id" : -409
    },
    {
        "name" : "minecraft:cracked_nether_bricks",
        "id" : -303
    },
    {
        "name" : "minecraft:cracked_polished_blackstone_bricks",
        "id" : -280
    },
    {
        "name" : "minecraft:crafting_table",
        "id" : 58
    },
    {
        "name" : "minecraft:creeper_banner_pattern",
        "id" : 582
    },
    {
        "name" : "minecraft:creeper_spawn_egg",
        "id" : 441
    },
    {
        "name" : "minecraft:crimson_button",
        "id" : -260
    },
    {
        "name" : "minecraft:crimson_door",
        "id" : 615
    },
    {
        "name" : "minecraft:crimson_double_slab",
        "id" : -266
    },
    {
        "name" : "minecraft:crimson_fence",
        "id" : -256
    },
    {
        "name" : "minecraft:crimson_fence_gate",
        "id" : -258
    },
    {
        "name" : "minecraft:crimson_fungus",
        "id" : -228
    },
    {
        "name" : "minecraft:crimson_hyphae",
        "id" : -299
    },
    {
        "name" : "minecraft:crimson_nylium",
        "id" : -232
    },
    {
        "name" : "minecraft:crimson_planks",
        "id" : -242
    },
    {
        "name" : "minecraft:crimson_pressure_plate",
        "id" : -262
    },
    {
        "name" : "minecraft:crimson_roots",
        "id" : -223
    },
    {
        "name" : "minecraft:crimson_sign",
        "id" : 613
    },
    {
        "name" : "minecraft:crimson_slab",
        "id" : -264
    },
    {
        "name" : "minecraft:crimson_stairs",
        "id" : -254
    },
    {
        "name" : "minecraft:crimson_standing_sign",
        "id" : -250
    },
    {
        "name" : "minecraft:crimson_stem",
        "id" : -225
    },
    {
        "name" : "minecraft:crimson_trapdoor",
        "id" : -246
    },
    {
        "name" : "minecraft:crimson_wall_sign",
        "id" : -252
    },
    {
        "name" : "minecraft:crossbow",
        "id" : 575
    },
    {
        "name" : "minecraft:crying_obsidian",
        "id" : -289
    },
    {
        "name" : "minecraft:cut_copper",
        "id" : -347
    },
    {
        "name" : "minecraft:cut_copper_slab",
        "id" : -361
    },
    {
        "name" : "minecraft:cut_copper_stairs",
        "id" : -354
    },
    {
        "name" : "minecraft:cyan_candle",
        "id" : -422
    },
    {
        "name" : "minecraft:cyan_candle_cake",
        "id" : -439
    },
    {
        "name" : "minecraft:cyan_dye",
        "id" : 401
    },
    {
        "name" : "minecraft:cyan_glazed_terracotta",
        "id" : 229
    },
    {
        "name" : "minecraft:dark_oak_boat",
        "id" : 380
    },
    {
        "name" : "minecraft:dark_oak_button",
        "id" : -142
    },
    {
        "name" : "minecraft:dark_oak_door",
        "id" : 557
    },
    {
        "name" : "minecraft:dark_oak_fence_gate",
        "id" : 186
    },
    {
        "name" : "minecraft:dark_oak_pressure_plate",
        "id" : -152
    },
    {
        "name" : "minecraft:dark_oak_sign",
        "id" : 580
    },
    {
        "name" : "minecraft:dark_oak_stairs",
        "id" : 164
    },
    {
        "name" : "minecraft:dark_oak_trapdoor",
        "id" : -147
    },
    {
        "name" : "minecraft:dark_prismarine_stairs",
        "id" : -3
    },
    {
        "name" : "minecraft:darkoak_standing_sign",
        "id" : -192
    },
    {
        "name" : "minecraft:darkoak_wall_sign",
        "id" : -193
    },
    {
        "name" : "minecraft:daylight_detector",
        "id" : 151
    },
    {
        "name" : "minecraft:daylight_detector_inverted",
        "id" : 178
    },
    {
        "name" : "minecraft:deadbush",
        "id" : 32
    },
    {
        "name" : "minecraft:debug_stick",
        "id" : 590
    },
    {
        "name" : "minecraft:deepslate",
        "id" : -378
    },
    {
        "name" : "minecraft:deepslate_brick_double_slab",
        "id" : -399
    },
    {
        "name" : "minecraft:deepslate_brick_slab",
        "id" : -392
    },
    {
        "name" : "minecraft:deepslate_brick_stairs",
        "id" : -393
    },
    {
        "name" : "minecraft:deepslate_brick_wall",
        "id" : -394
    },
    {
        "name" : "minecraft:deepslate_bricks",
        "id" : -391
    },
    {
        "name" : "minecraft:deepslate_coal_ore",
        "id" : -406
    },
    {
        "name" : "minecraft:deepslate_copper_ore",
        "id" : -408
    },
    {
        "name" : "minecraft:deepslate_diamond_ore",
        "id" : -405
    },
    {
        "name" : "minecraft:deepslate_emerald_ore",
        "id" : -407
    },
    {
        "name" : "minecraft:deepslate_gold_ore",
        "id" : -402
    },
    {
        "name" : "minecraft:deepslate_iron_ore",
        "id" : -401
    },
    {
        "name" : "minecraft:deepslate_lapis_ore",
        "id" : -400
    },
    {
        "name" : "minecraft:deepslate_redstone_ore",
        "id" : -403
    },
    {
        "name" : "minecraft:deepslate_tile_double_slab",
        "id" : -398
    },
    {
        "name" : "minecraft:deepslate_tile_slab",
        "id" : -388
    },
    {
        "name" : "minecraft:deepslate_tile_stairs",
        "id" : -389
    },
    {
        "name" : "minecraft:deepslate_tile_wall",
        "id" : -390
    },
    {
        "name" : "minecraft:deepslate_tiles",
        "id" : -387
    },
    {
        "name" : "minecraft:deny",
        "id" : 211
    },
    {
        "name" : "minecraft:detector_rail",
        "id" : 28
    },
    {
        "name" : "minecraft:diamond",
        "id" : 304
    },
    {
        "name" : "minecraft:diamond_axe",
        "id" : 319
    },
    {
        "name" : "minecraft:diamond_block",
        "id" : 57
    },
    {
        "name" : "minecraft:diamond_boots",
        "id" : 350
    },
    {
        "name" : "minecraft:diamond_chestplate",
        "id" : 348
    },
    {
        "name" : "minecraft:diamond_helmet",
        "id" : 347
    },
    {
        "name" : "minecraft:diamond_hoe",
        "id" : 332
    },
    {
        "name" : "minecraft:diamond_horse_armor",
        "id" : 533
    },
    {
        "name" : "minecraft:diamond_leggings",
        "id" : 349
    },
    {
        "name" : "minecraft:diamond_ore",
        "id" : 56
    },
    {
        "name" : "minecraft:diamond_pickaxe",
        "id" : 318
    },
    {
        "name" : "minecraft:diamond_shovel",
        "id" : 317
    },
    {
        "name" : "minecraft:diamond_sword",
        "id" : 316
    },
    {
        "name" : "minecraft:diorite_stairs",
        "id" : -170
    },
    {
        "name" : "minecraft:dirt",
        "id" : 3
    },
    {
        "name" : "minecraft:dirt_with_roots",
        "id" : -318
    },
    {
        "name" : "minecraft:dispenser",
        "id" : 23
    },
    {
        "name" : "minecraft:dolphin_spawn_egg",
        "id" : 484
    },
    {
        "name" : "minecraft:donkey_spawn_egg",
        "id" : 465
    },
    {
        "name" : "minecraft:double_cut_copper_slab",
        "id" : -368
    },
    {
        "name" : "minecraft:double_plant",
        "id" : 175
    },
    {
        "name" : "minecraft:double_stone_slab",
        "id" : 44
    },
    {
        "name" : "minecraft:double_stone_slab2",
        "id" : 182
    },
    {
        "name" : "minecraft:double_stone_slab3",
        "id" : -162
    },
    {
        "name" : "minecraft:double_stone_slab4",
        "id" : -166
    },
    {
        "name" : "minecraft:double_wooden_slab",
        "id" : 157
    },
    {
        "name" : "minecraft:dragon_breath",
        "id" : 560
    },
    {
        "name" : "minecraft:dragon_egg",
        "id" : 122
    },
    {
        "name" : "minecraft:dried_kelp",
        "id" : 270
    },
    {
        "name" : "minecraft:dried_kelp_block",
        "id" : -139
    },
    {
        "name" : "minecraft:dripstone_block",
        "id" : -317
    },
    {
        "name" : "minecraft:dropper",
        "id" : 125
    },
    {
        "name" : "minecraft:drowned_spawn_egg",
        "id" : 483
    },
    {
        "name" : "minecraft:dye",
        "id" : 627
    },
    {
        "name" : "minecraft:egg",
        "id" : 390
    },
    {
        "name" : "minecraft:elder_guardian_spawn_egg",
        "id" : 471
    },
    {
        "name" : "minecraft:element_0",
        "id" : 36
    },
    {
        "name" : "minecraft:element_1",
        "id" : -12
    },
    {
        "name" : "minecraft:element_10",
        "id" : -21
    },
    {
        "name" : "minecraft:element_100",
        "id" : -111
    },
    {
        "name" : "minecraft:element_101",
        "id" : -112
    },
    {
        "name" : "minecraft:element_102",
        "id" : -113
    },
    {
        "name" : "minecraft:element_103",
        "id" : -114
    },
    {
        "name" : "minecraft:element_104",
        "id" : -115
    },
    {
        "name" : "minecraft:element_105",
        "id" : -116
    },
    {
        "name" : "minecraft:element_106",
        "id" : -117
    },
    {
        "name" : "minecraft:element_107",
        "id" : -118
    },
    {
        "name" : "minecraft:element_108",
        "id" : -119
    },
    {
        "name" : "minecraft:element_109",
        "id" : -120
    },
    {
        "name" : "minecraft:element_11",
        "id" : -22
    },
    {
        "name" : "minecraft:element_110",
        "id" : -121
    },
    {
        "name" : "minecraft:element_111",
        "id" : -122
    },
    {
        "name" : "minecraft:element_112",
        "id" : -123
    },
    {
        "name" : "minecraft:element_113",
        "id" : -124
    },
    {
        "name" : "minecraft:element_114",
        "id" : -125
    },
    {
        "name" : "minecraft:element_115",
        "id" : -126
    },
    {
        "name" : "minecraft:element_116",
        "id" : -127
    },
    {
        "name" : "minecraft:element_117",
        "id" : -128
    },
    {
        "name" : "minecraft:element_118",
        "id" : -129
    },
    {
        "name" : "minecraft:element_12",
        "id" : -23
    },
    {
        "name" : "minecraft:element_13",
        "id" : -24
    },
    {
        "name" : "minecraft:element_14",
        "id" : -25
    },
    {
        "name" : "minecraft:element_15",
        "id" : -26
    },
    {
        "name" : "minecraft:element_16",
        "id" : -27
    },
    {
        "name" : "minecraft:element_17",
        "id" : -28
    },
    {
        "name" : "minecraft:element_18",
        "id" : -29
    },
    {
        "name" : "minecraft:element_19",
        "id" : -30
    },
    {
        "name" : "minecraft:element_2",
        "id" : -13
    },
    {
        "name" : "minecraft:element_20",
        "id" : -31
    },
    {
        "name" : "minecraft:element_21",
        "id" : -32
    },
    {
        "name" : "minecraft:element_22",
        "id" : -33
    },
    {
        "name" : "minecraft:element_23",
        "id" : -34
    },
    {
        "name" : "minecraft:element_24",
        "id" : -35
    },
    {
        "name" : "minecraft:element_25",
        "id" : -36
    },
    {
        "name" : "minecraft:element_26",
        "id" : -37
    },
    {
        "name" : "minecraft:element_27",
        "id" : -38
    },
    {
        "name" : "minecraft:element_28",
        "id" : -39
    },
    {
        "name" : "minecraft:element_29",
        "id" : -40
    },
    {
        "name" : "minecraft:element_3",
        "id" : -14
    },
    {
        "name" : "minecraft:element_30",
        "id" : -41
    },
    {
        "name" : "minecraft:element_31",
        "id" : -42
    },
    {
        "name" : "minecraft:element_32",
        "id" : -43
    },
    {
        "name" : "minecraft:element_33",
        "id" : -44
    },
    {
        "name" : "minecraft:element_34",
        "id" : -45
    },
    {
        "name" : "minecraft:element_35",
        "id" : -46
    },
    {
        "name" : "minecraft:element_36",
        "id" : -47
    },
    {
        "name" : "minecraft:element_37",
        "id" : -48
    },
    {
        "name" : "minecraft:element_38",
        "id" : -49
    },
    {
        "name" : "minecraft:element_39",
        "id" : -50
    },
    {
        "name" : "minecraft:element_4",
        "id" : -15
    },
    {
        "name" : "minecraft:element_40",
        "id" : -51
    },
    {
        "name" : "minecraft:element_41",
        "id" : -52
    },
    {
        "name" : "minecraft:element_42",
        "id" : -53
    },
    {
        "name" : "minecraft:element_43",
        "id" : -54
    },
    {
        "name" : "minecraft:element_44",
        "id" : -55
    },
    {
        "name" : "minecraft:element_45",
        "id" : -56
    },
    {
        "name" : "minecraft:element_46",
        "id" : -57
    },
    {
        "name" : "minecraft:element_47",
        "id" : -58
    },
    {
        "name" : "minecraft:element_48",
        "id" : -59
    },
    {
        "name" : "minecraft:element_49",
        "id" : -60
    },
    {
        "name" : "minecraft:element_5",
        "id" : -16
    },
    {
        "name" : "minecraft:element_50",
        "id" : -61
    },
    {
        "name" : "minecraft:element_51",
        "id" : -62
    },
    {
        "name" : "minecraft:element_52",
        "id" : -63
    },
    {
        "name" : "minecraft:element_53",
        "id" : -64
    },
    {
        "name" : "minecraft:element_54",
        "id" : -65
    },
    {
        "name" : "minecraft:element_55",
        "id" : -66
    },
    {
        "name" : "minecraft:element_56",
        "id" : -67
    },
    {
        "name" : "minecraft:element_57",
        "id" : -68
    },
    {
        "name" : "minecraft:element_58",
        "id" : -69
    },
    {
        "name" : "minecraft:element_59",
        "id" : -70
    },
    {
        "name" : "minecraft:element_6",
        "id" : -17
    },
    {
        "name" : "minecraft:element_60",
        "id" : -71
    },
    {
        "name" : "minecraft:element_61",
        "id" : -72
    },
    {
        "name" : "minecraft:element_62",
        "id" : -73
    },
    {
        "name" : "minecraft:element_63",
        "id" : -74
    },
    {
        "name" : "minecraft:element_64",
        "id" : -75
    },
    {
        "name" : "minecraft:element_65",
        "id" : -76
    },
    {
        "name" : "minecraft:element_66",
        "id" : -77
    },
    {
        "name" : "minecraft:element_67",
        "id" : -78
    },
    {
        "name" : "minecraft:element_68",
        "id" : -79
    },
    {
        "name" : "minecraft:element_69",
        "id" : -80
    },
    {
        "name" : "minecraft:element_7",
        "id" : -18
    },
    {
        "name" : "minecraft:element_70",
        "id" : -81
    },
    {
        "name" : "minecraft:element_71",
        "id" : -82
    },
    {
        "name" : "minecraft:element_72",
        "id" : -83
    },
    {
        "name" : "minecraft:element_73",
        "id" : -84
    },
    {
        "name" : "minecraft:element_74",
        "id" : -85
    },
    {
        "name" : "minecraft:element_75",
        "id" : -86
    },
    {
        "name" : "minecraft:element_76",
        "id" : -87
    },
    {
        "name" : "minecraft:element_77",
        "id" : -88
    },
    {
        "name" : "minecraft:element_78",
        "id" : -89
    },
    {
        "name" : "minecraft:element_79",
        "id" : -90
    },
    {
        "name" : "minecraft:element_8",
        "id" : -19
    },
    {
        "name" : "minecraft:element_80",
        "id" : -91
    },
    {
        "name" : "minecraft:element_81",
        "id" : -92
    },
    {
        "name" : "minecraft:element_82",
        "id" : -93
    },
    {
        "name" : "minecraft:element_83",
        "id" : -94
    },
    {
        "name" : "minecraft:element_84",
        "id" : -95
    },
    {
        "name" : "minecraft:element_85",
        "id" : -96
    },
    {
        "name" : "minecraft:element_86",
        "id" : -97
    },
    {
        "name" : "minecraft:element_87",
        "id" : -98
    },
    {
        "name" : "minecraft:element_88",
        "id" : -99
    },
    {
        "name" : "minecraft:element_89",
        "id" : -100
    },
    {
        "name" : "minecraft:element_9",
        "id" : -20
    },
    {
        "name" : "minecraft:element_90",
        "id" : -101
    },
    {
        "name" : "minecraft:element_91",
        "id" : -102
    },
    {
        "name" : "minecraft:element_92",
        "id" : -103
    },
    {
        "name" : "minecraft:element_93",
        "id" : -104
    },
    {
        "name" : "minecraft:element_94",
        "id" : -105
    },
    {
        "name" : "minecraft:element_95",
        "id" : -106
    },
    {
        "name" : "minecraft:element_96",
        "id" : -107
    },
    {
        "name" : "minecraft:element_97",
        "id" : -108
    },
    {
        "name" : "minecraft:element_98",
        "id" : -109
    },
    {
        "name" : "minecraft:element_99",
        "id" : -110
    },
    {
        "name" : "minecraft:elytra",
        "id" : 564
    },
    {
        "name" : "minecraft:emerald",
        "id" : 512
    },
    {
        "name" : "minecraft:emerald_block",
        "id" : 133
    },
    {
        "name" : "minecraft:emerald_ore",
        "id" : 129
    },
    {
        "name" : "minecraft:empty_map",
        "id" : 515
    },
    {
        "name" : "minecraft:enchanted_book",
        "id" : 521
    },
    {
        "name" : "minecraft:enchanted_golden_apple",
        "id" : 259
    },
    {
        "name" : "minecraft:enchanting_table",
        "id" : 116
    },
    {
        "name" : "minecraft:end_brick_stairs",
        "id" : -178
    },
    {
        "name" : "minecraft:end_bricks",
        "id" : 206
    },
    {
        "name" : "minecraft:end_crystal",
        "id" : 632
    },
    {
        "name" : "minecraft:end_gateway",
        "id" : 209
    },
    {
        "name" : "minecraft:end_portal",
        "id" : 119
    },
    {
        "name" : "minecraft:end_portal_frame",
        "id" : 120
    },
    {
        "name" : "minecraft:end_rod",
        "id" : 208
    },
    {
        "name" : "minecraft:end_stone",
        "id" : 121
    },
    {
        "name" : "minecraft:ender_chest",
        "id" : 130
    },
    {
        "name" : "minecraft:ender_eye",
        "id" : 433
    },
    {
        "name" : "minecraft:ender_pearl",
        "id" : 422
    },
    {
        "name" : "minecraft:enderman_spawn_egg",
        "id" : 442
    },
    {
        "name" : "minecraft:endermite_spawn_egg",
        "id" : 460
    },
    {
        "name" : "minecraft:evoker_spawn_egg",
        "id" : 475
    },
    {
        "name" : "minecraft:experience_bottle",
        "id" : 508
    },
    {
        "name" : "minecraft:exposed_copper",
        "id" : -341
    },
    {
        "name" : "minecraft:exposed_cut_copper",
        "id" : -348
    },
    {
        "name" : "minecraft:exposed_cut_copper_slab",
        "id" : -362
    },
    {
        "name" : "minecraft:exposed_cut_copper_stairs",
        "id" : -355
    },
    {
        "name" : "minecraft:exposed_double_cut_copper_slab",
        "id" : -369
    },
    {
        "name" : "minecraft:farmland",
        "id" : 60
    },
    {
        "name" : "minecraft:feather",
        "id" : 327
    },
    {
        "name" : "minecraft:fence",
        "id" : 85
    },
    {
        "name" : "minecraft:fence_gate",
        "id" : 107
    },
    {
        "name" : "minecraft:fermented_spider_eye",
        "id" : 428
    },
    {
        "name" : "minecraft:field_masoned_banner_pattern",
        "id" : 585
    },
    {
        "name" : "minecraft:filled_map",
        "id" : 420
    },
    {
        "name" : "minecraft:fire",
        "id" : 51
    },
    {
        "name" : "minecraft:fire_charge",
        "id" : 509
    },
    {
        "name" : "minecraft:firework_rocket",
        "id" : 519
    },
    {
        "name" : "minecraft:firework_star",
        "id" : 520
    },
    {
        "name" : "minecraft:fishing_rod",
        "id" : 392
    },
    {
        "name" : "minecraft:fletching_table",
        "id" : -201
    },
    {
        "name" : "minecraft:flint",
        "id" : 356
    },
    {
        "name" : "minecraft:flint_and_steel",
        "id" : 299
    },
    {
        "name" : "minecraft:flower_banner_pattern",
        "id" : 581
    },
    {
        "name" : "minecraft:flower_pot",
        "id" : 514
    },
    {
        "name" : "minecraft:flowering_azalea",
        "id" : -338
    },
    {
        "name" : "minecraft:flowing_lava",
        "id" : 10
    },
    {
        "name" : "minecraft:flowing_water",
        "id" : 8
    },
    {
        "name" : "minecraft:fox_spawn_egg",
        "id" : 490
    },
    {
        "name" : "minecraft:frame",
        "id" : 513
    },
    {
        "name" : "minecraft:frosted_ice",
        "id" : 207
    },
    {
        "name" : "minecraft:furnace",
        "id" : 61
    },
    {
        "name" : "minecraft:ghast_spawn_egg",
        "id" : 454
    },
    {
        "name" : "minecraft:ghast_tear",
        "id" : 424
    },
    {
        "name" : "minecraft:gilded_blackstone",
        "id" : -281
    },
    {
        "name" : "minecraft:glass",
        "id" : 20
    },
    {
        "name" : "minecraft:glass_bottle",
        "id" : 427
    },
    {
        "name" : "minecraft:glass_pane",
        "id" : 102
    },
    {
        "name" : "minecraft:glistering_melon_slice",
        "id" : 434
    },
    {
        "name" : "minecraft:glow_berries",
        "id" : 631
    },
    {
        "name" : "minecraft:glow_frame",
        "id" : 622
    },
    {
        "name" : "minecraft:glow_ink_sac",
        "id" : 503
    },
    {
        "name" : "minecraft:glow_lichen",
        "id" : -411
    },
    {
        "name" : "minecraft:glow_squid_spawn_egg",
        "id" : 502
    },
    {
        "name" : "minecraft:glow_stick",
        "id" : 166
    },
    {
        "name" : "minecraft:glowingobsidian",
        "id" : 246
    },
    {
        "name" : "minecraft:glowstone",
        "id" : 89
    },
    {
        "name" : "minecraft:glowstone_dust",
        "id" : 394
    },
    {
        "name" : "minecraft:goat_horn",
        "id" : 623
    },
    {
        "name" : "minecraft:goat_spawn_egg",
        "id" : 501
    },
    {
        "name" : "minecraft:gold_block",
        "id" : 41
    },
    {
        "name" : "minecraft:gold_ingot",
        "id" : 306
    },
    {
        "name" : "minecraft:gold_nugget",
        "id" : 425
    },
    {
        "name" : "minecraft:gold_ore",
        "id" : 14
    },
    {
        "name" : "minecraft:golden_apple",
        "id" : 258
    },
    {
        "name" : "minecraft:golden_axe",
        "id" : 325
    },
    {
        "name" : "minecraft:golden_boots",
        "id" : 354
    },
    {
        "name" : "minecraft:golden_carrot",
        "id" : 283
    },
    {
        "name" : "minecraft:golden_chestplate",
        "id" : 352
    },
    {
        "name" : "minecraft:golden_helmet",
        "id" : 351
    },
    {
        "name" : "minecraft:golden_hoe",
        "id" : 333
    },
    {
        "name" : "minecraft:golden_horse_armor",
        "id" : 532
    },
    {
        "name" : "minecraft:golden_leggings",
        "id" : 353
    },
    {
        "name" : "minecraft:golden_pickaxe",
        "id" : 324
    },
    {
        "name" : "minecraft:golden_rail",
        "id" : 27
    },
    {
        "name" : "minecraft:golden_shovel",
        "id" : 323
    },
    {
        "name" : "minecraft:golden_sword",
        "id" : 322
    },
    {
        "name" : "minecraft:granite_stairs",
        "id" : -169
    },
    {
        "name" : "minecraft:grass",
        "id" : 2
    },
    {
        "name" : "minecraft:grass_path",
        "id" : 198
    },
    {
        "name" : "minecraft:gravel",
        "id" : 13
    },
    {
        "name" : "minecraft:gray_candle",
        "id" : -420
    },
    {
        "name" : "minecraft:gray_candle_cake",
        "id" : -437
    },
    {
        "name" : "minecraft:gray_dye",
        "id" : 403
    },
    {
        "name" : "minecraft:gray_glazed_terracotta",
        "id" : 227
    },
    {
        "name" : "minecraft:green_candle",
        "id" : -426
    },
    {
        "name" : "minecraft:green_candle_cake",
        "id" : -443
    },
    {
        "name" : "minecraft:green_dye",
        "id" : 397
    },
    {
        "name" : "minecraft:green_glazed_terracotta",
        "id" : 233
    },
    {
        "name" : "minecraft:grindstone",
        "id" : -195
    },
    {
        "name" : "minecraft:guardian_spawn_egg",
        "id" : 461
    },
    {
        "name" : "minecraft:gunpowder",
        "id" : 328
    },
    {
        "name" : "minecraft:hanging_roots",
        "id" : -319
    },
    {
        "name" : "minecraft:hard_glass",
        "id" : 253
    },
    {
        "name" : "minecraft:hard_glass_pane",
        "id" : 190
    },
    {
        "name" : "minecraft:hard_stained_glass",
        "id" : 254
    },
    {
        "name" : "minecraft:hard_stained_glass_pane",
        "id" : 191
    },
    {
        "name" : "minecraft:hardened_clay",
        "id" : 172
    },
    {
        "name" : "minecraft:hay_block",
        "id" : 170
    },
    {
        "name" : "minecraft:heart_of_the_sea",
        "id" : 571
    },
    {
        "name" : "minecraft:heavy_weighted_pressure_plate",
        "id" : 148
    },
    {
        "name" : "minecraft:hoglin_spawn_egg",
        "id" : 496
    },
    {
        "name" : "minecraft:honey_block",
        "id" : -220
    },
    {
        "name" : "minecraft:honey_bottle",
        "id" : 592
    },
    {
        "name" : "minecraft:honeycomb",
        "id" : 591
    },
    {
        "name" : "minecraft:honeycomb_block",
        "id" : -221
    },
    {
        "name" : "minecraft:hopper",
        "id" : 527
    },
    {
        "name" : "minecraft:hopper_minecart",
        "id" : 526
    },
    {
        "name" : "minecraft:horse_spawn_egg",
        "id" : 458
    },
    {
        "name" : "minecraft:husk_spawn_egg",
        "id" : 463
    },
    {
        "name" : "minecraft:ice",
        "id" : 79
    },
    {
        "name" : "minecraft:ice_bomb",
        "id" : 595
    },
    {
        "name" : "minecraft:infested_deepslate",
        "id" : -454
    },
    {
        "name" : "minecraft:info_update",
        "id" : 248
    },
    {
        "name" : "minecraft:info_update2",
        "id" : 249
    },
    {
        "name" : "minecraft:ink_sac",
        "id" : 413
    },
    {
        "name" : "minecraft:invisiblebedrock",
        "id" : 95
    },
    {
        "name" : "minecraft:iron_axe",
        "id" : 298
    },
    {
        "name" : "minecraft:iron_bars",
        "id" : 101
    },
    {
        "name" : "minecraft:iron_block",
        "id" : 42
    },
    {
        "name" : "minecraft:iron_boots",
        "id" : 346
    },
    {
        "name" : "minecraft:iron_chestplate",
        "id" : 344
    },
    {
        "name" : "minecraft:iron_door",
        "id" : 372
    },
    {
        "name" : "minecraft:iron_helmet",
        "id" : 343
    },
    {
        "name" : "minecraft:iron_hoe",
        "id" : 331
    },
    {
        "name" : "minecraft:iron_horse_armor",
        "id" : 531
    },
    {
        "name" : "minecraft:iron_ingot",
        "id" : 305
    },
    {
        "name" : "minecraft:iron_leggings",
        "id" : 345
    },
    {
        "name" : "minecraft:iron_nugget",
        "id" : 569
    },
    {
        "name" : "minecraft:iron_ore",
        "id" : 15
    },
    {
        "name" : "minecraft:iron_pickaxe",
        "id" : 297
    },
    {
        "name" : "minecraft:iron_shovel",
        "id" : 296
    },
    {
        "name" : "minecraft:iron_sword",
        "id" : 307
    },
    {
        "name" : "minecraft:iron_trapdoor",
        "id" : 167
    },
    {
        "name" : "minecraft:item.acacia_door",
        "id" : 196
    },
    {
        "name" : "minecraft:item.bed",
        "id" : 26
    },
    {
        "name" : "minecraft:item.beetroot",
        "id" : 244
    },
    {
        "name" : "minecraft:item.birch_door",
        "id" : 194
    },
    {
        "name" : "minecraft:item.cake",
        "id" : 92
    },
    {
        "name" : "minecraft:item.camera",
        "id" : 242
    },
    {
        "name" : "minecraft:item.campfire",
        "id" : -209
    },
    {
        "name" : "minecraft:item.cauldron",
        "id" : 118
    },
    {
        "name" : "minecraft:item.chain",
        "id" : -286
    },
    {
        "name" : "minecraft:item.crimson_door",
        "id" : -244
    },
    {
        "name" : "minecraft:item.dark_oak_door",
        "id" : 197
    },
    {
        "name" : "minecraft:item.flower_pot",
        "id" : 140
    },
    {
        "name" : "minecraft:item.frame",
        "id" : 199
    },
    {
        "name" : "minecraft:item.glow_frame",
        "id" : -339
    },
    {
        "name" : "minecraft:item.hopper",
        "id" : 154
    },
    {
        "name" : "minecraft:item.iron_door",
        "id" : 71
    },
    {
        "name" : "minecraft:item.jungle_door",
        "id" : 195
    },
    {
        "name" : "minecraft:item.kelp",
        "id" : -138
    },
    {
        "name" : "minecraft:item.nether_sprouts",
        "id" : -238
    },
    {
        "name" : "minecraft:item.nether_wart",
        "id" : 115
    },
    {
        "name" : "minecraft:item.reeds",
        "id" : 83
    },
    {
        "name" : "minecraft:item.skull",
        "id" : 144
    },
    {
        "name" : "minecraft:item.soul_campfire",
        "id" : -290
    },
    {
        "name" : "minecraft:item.spruce_door",
        "id" : 193
    },
    {
        "name" : "minecraft:item.warped_door",
        "id" : -245
    },
    {
        "name" : "minecraft:item.wheat",
        "id" : 59
    },
    {
        "name" : "minecraft:item.wooden_door",
        "id" : 64
    },
    {
        "name" : "minecraft:jigsaw",
        "id" : -211
    },
    {
        "name" : "minecraft:jukebox",
        "id" : 84
    },
    {
        "name" : "minecraft:jungle_boat",
        "id" : 377
    },
    {
        "name" : "minecraft:jungle_button",
        "id" : -143
    },
    {
        "name" : "minecraft:jungle_door",
        "id" : 555
    },
    {
        "name" : "minecraft:jungle_fence_gate",
        "id" : 185
    },
    {
        "name" : "minecraft:jungle_pressure_plate",
        "id" : -153
    },
    {
        "name" : "minecraft:jungle_sign",
        "id" : 578
    },
    {
        "name" : "minecraft:jungle_stairs",
        "id" : 136
    },
    {
        "name" : "minecraft:jungle_standing_sign",
        "id" : -188
    },
    {
        "name" : "minecraft:jungle_trapdoor",
        "id" : -148
    },
    {
        "name" : "minecraft:jungle_wall_sign",
        "id" : -189
    },
    {
        "name" : "minecraft:kelp",
        "id" : 382
    },
    {
        "name" : "minecraft:ladder",
        "id" : 65
    },
    {
        "name" : "minecraft:lantern",
        "id" : -208
    },
    {
        "name" : "minecraft:lapis_block",
        "id" : 22
    },
    {
        "name" : "minecraft:lapis_lazuli",
        "id" : 414
    },
    {
        "name" : "minecraft:lapis_ore",
        "id" : 21
    },
    {
        "name" : "minecraft:large_amethyst_bud",
        "id" : -330
    },
    {
        "name" : "minecraft:lava",
        "id" : 11
    },
    {
        "name" : "minecraft:lava_bucket",
        "id" : 363
    },
    {
        "name" : "minecraft:lava_cauldron",
        "id" : -210
    },
    {
        "name" : "minecraft:lead",
        "id" : 547
    },
    {
        "name" : "minecraft:leather",
        "id" : 381
    },
    {
        "name" : "minecraft:leather_boots",
        "id" : 338
    },
    {
        "name" : "minecraft:leather_chestplate",
        "id" : 336
    },
    {
        "name" : "minecraft:leather_helmet",
        "id" : 335
    },
    {
        "name" : "minecraft:leather_horse_armor",
        "id" : 530
    },
    {
        "name" : "minecraft:leather_leggings",
        "id" : 337
    },
    {
        "name" : "minecraft:leaves",
        "id" : 18
    },
    {
        "name" : "minecraft:leaves2",
        "id" : 161
    },
    {
        "name" : "minecraft:lectern",
        "id" : -194
    },
    {
        "name" : "minecraft:lever",
        "id" : 69
    },
    {
        "name" : "minecraft:light_block",
        "id" : -215
    },
    {
        "name" : "minecraft:light_blue_candle",
        "id" : -416
    },
    {
        "name" : "minecraft:light_blue_candle_cake",
        "id" : -433
    },
    {
        "name" : "minecraft:light_blue_dye",
        "id" : 407
    },
    {
        "name" : "minecraft:light_blue_glazed_terracotta",
        "id" : 223
    },
    {
        "name" : "minecraft:light_gray_candle",
        "id" : -421
    },
    {
        "name" : "minecraft:light_gray_candle_cake",
        "id" : -438
    },
    {
        "name" : "minecraft:light_gray_dye",
        "id" : 402
    },
    {
        "name" : "minecraft:light_weighted_pressure_plate",
        "id" : 147
    },
    {
        "name" : "minecraft:lightning_rod",
        "id" : -312
    },
    {
        "name" : "minecraft:lime_candle",
        "id" : -418
    },
    {
        "name" : "minecraft:lime_candle_cake",
        "id" : -435
    },
    {
        "name" : "minecraft:lime_dye",
        "id" : 405
    },
    {
        "name" : "minecraft:lime_glazed_terracotta",
        "id" : 225
    },
    {
        "name" : "minecraft:lingering_potion",
        "id" : 562
    },
    {
        "name" : "minecraft:lit_blast_furnace",
        "id" : -214
    },
    {
        "name" : "minecraft:lit_deepslate_redstone_ore",
        "id" : -404
    },
    {
        "name" : "minecraft:lit_furnace",
        "id" : 62
    },
    {
        "name" : "minecraft:lit_pumpkin",
        "id" : 91
    },
    {
        "name" : "minecraft:lit_redstone_lamp",
        "id" : 124
    },
    {
        "name" : "minecraft:lit_redstone_ore",
        "id" : 74
    },
    {
        "name" : "minecraft:lit_smoker",
        "id" : -199
    },
    {
        "name" : "minecraft:llama_spawn_egg",
        "id" : 473
    },
    {
        "name" : "minecraft:lodestone",
        "id" : -222
    },
    {
        "name" : "minecraft:lodestone_compass",
        "id" : 601
    },
    {
        "name" : "minecraft:log",
        "id" : 17
    },
    {
        "name" : "minecraft:log2",
        "id" : 162
    },
    {
        "name" : "minecraft:loom",
        "id" : -204
    },
    {
        "name" : "minecraft:magenta_candle",
        "id" : -415
    },
    {
        "name" : "minecraft:magenta_candle_cake",
        "id" : -432
    },
    {
        "name" : "minecraft:magenta_dye",
        "id" : 408
    },
    {
        "name" : "minecraft:magenta_glazed_terracotta",
        "id" : 222
    },
    {
        "name" : "minecraft:magma",
        "id" : 213
    },
    {
        "name" : "minecraft:magma_cream",
        "id" : 430
    },
    {
        "name" : "minecraft:magma_cube_spawn_egg",
        "id" : 455
    },
    {
        "name" : "minecraft:medicine",
        "id" : 599
    },
    {
        "name" : "minecraft:medium_amethyst_bud",
        "id" : -331
    },
    {
        "name" : "minecraft:melon_block",
        "id" : 103
    },
    {
        "name" : "minecraft:melon_seeds",
        "id" : 293
    },
    {
        "name" : "minecraft:melon_slice",
        "id" : 272
    },
    {
        "name" : "minecraft:melon_stem",
        "id" : 105
    },
    {
        "name" : "minecraft:milk_bucket",
        "id" : 361
    },
    {
        "name" : "minecraft:minecart",
        "id" : 370
    },
    {
        "name" : "minecraft:mob_spawner",
        "id" : 52
    },
    {
        "name" : "minecraft:mojang_banner_pattern",
        "id" : 584
    },
    {
        "name" : "minecraft:monster_egg",
        "id" : 97
    },
    {
        "name" : "minecraft:mooshroom_spawn_egg",
        "id" : 440
    },
    {
        "name" : "minecraft:moss_block",
        "id" : -320
    },
    {
        "name" : "minecraft:moss_carpet",
        "id" : -335
    },
    {
        "name" : "minecraft:mossy_cobblestone",
        "id" : 48
    },
    {
        "name" : "minecraft:mossy_cobblestone_stairs",
        "id" : -179
    },
    {
        "name" : "minecraft:mossy_stone_brick_stairs",
        "id" : -175
    },
    {
        "name" : "minecraft:movingblock",
        "id" : 250
    },
    {
        "name" : "minecraft:mule_spawn_egg",
        "id" : 466
    },
    {
        "name" : "minecraft:mushroom_stew",
        "id" : 260
    },
    {
        "name" : "minecraft:music_disc_11",
        "id" : 544
    },
    {
        "name" : "minecraft:music_disc_13",
        "id" : 534
    },
    {
        "name" : "minecraft:music_disc_blocks",
        "id" : 536
    },
    {
        "name" : "minecraft:music_disc_cat",
        "id" : 535
    },
    {
        "name" : "minecraft:music_disc_chirp",
        "id" : 537
    },
    {
        "name" : "minecraft:music_disc_far",
        "id" : 538
    },
    {
        "name" : "minecraft:music_disc_mall",
        "id" : 539
    },
    {
        "name" : "minecraft:music_disc_mellohi",
        "id" : 540
    },
    {
        "name" : "minecraft:music_disc_pigstep",
        "id" : 619
    },
    {
        "name" : "minecraft:music_disc_stal",
        "id" : 541
    },
    {
        "name" : "minecraft:music_disc_strad",
        "id" : 542
    },
    {
        "name" : "minecraft:music_disc_wait",
        "id" : 545
    },
    {
        "name" : "minecraft:music_disc_ward",
        "id" : 543
    },
    {
        "name" : "minecraft:mutton",
        "id" : 550
    },
    {
        "name" : "minecraft:mycelium",
        "id" : 110
    },
    {
        "name" : "minecraft:name_tag",
        "id" : 548
    },
    {
        "name" : "minecraft:nautilus_shell",
        "id" : 570
    },
    {
        "name" : "minecraft:nether_brick",
        "id" : 112
    },
    {
        "name" : "minecraft:nether_brick_fence",
        "id" : 113
    },
    {
        "name" : "minecraft:nether_brick_stairs",
        "id" : 114
    },
    {
        "name" : "minecraft:nether_gold_ore",
        "id" : -288
    },
    {
        "name" : "minecraft:nether_sprouts",
        "id" : 620
    },
    {
        "name" : "minecraft:nether_star",
        "id" : 518
    },
    {
        "name" : "minecraft:nether_wart",
        "id" : 294
    },
    {
        "name" : "minecraft:nether_wart_block",
        "id" : 214
    },
    {
        "name" : "minecraft:netherbrick",
        "id" : 523
    },
    {
        "name" : "minecraft:netherite_axe",
        "id" : 606
    },
    {
        "name" : "minecraft:netherite_block",
        "id" : -270
    },
    {
        "name" : "minecraft:netherite_boots",
        "id" : 611
    },
    {
        "name" : "minecraft:netherite_chestplate",
        "id" : 609
    },
    {
        "name" : "minecraft:netherite_helmet",
        "id" : 608
    },
    {
        "name" : "minecraft:netherite_hoe",
        "id" : 607
    },
    {
        "name" : "minecraft:netherite_ingot",
        "id" : 602
    },
    {
        "name" : "minecraft:netherite_leggings",
        "id" : 610
    },
    {
        "name" : "minecraft:netherite_pickaxe",
        "id" : 605
    },
    {
        "name" : "minecraft:netherite_scrap",
        "id" : 612
    },
    {
        "name" : "minecraft:netherite_shovel",
        "id" : 604
    },
    {
        "name" : "minecraft:netherite_sword",
        "id" : 603
    },
    {
        "name" : "minecraft:netherrack",
        "id" : 87
    },
    {
        "name" : "minecraft:netherreactor",
        "id" : 247
    },
    {
        "name" : "minecraft:normal_stone_stairs",
        "id" : -180
    },
    {
        "name" : "minecraft:noteblock",
        "id" : 25
    },
    {
        "name" : "minecraft:npc_spawn_egg",
        "id" : 470
    },
    {
        "name" : "minecraft:oak_boat",
        "id" : 375
    },
    {
        "name" : "minecraft:oak_sign",
        "id" : 358
    },
    {
        "name" : "minecraft:oak_stairs",
        "id" : 53
    },
    {
        "name" : "minecraft:observer",
        "id" : 251
    },
    {
        "name" : "minecraft:obsidian",
        "id" : 49
    },
    {
        "name" : "minecraft:ocelot_spawn_egg",
        "id" : 451
    },
    {
        "name" : "minecraft:orange_candle",
        "id" : -414
    },
    {
        "name" : "minecraft:orange_candle_cake",
        "id" : -431
    },
    {
        "name" : "minecraft:orange_dye",
        "id" : 409
    },
    {
        "name" : "minecraft:orange_glazed_terracotta",
        "id" : 221
    },
    {
        "name" : "minecraft:oxidized_copper",
        "id" : -343
    },
    {
        "name" : "minecraft:oxidized_cut_copper",
        "id" : -350
    },
    {
        "name" : "minecraft:oxidized_cut_copper_slab",
        "id" : -364
    },
    {
        "name" : "minecraft:oxidized_cut_copper_stairs",
        "id" : -357
    },
    {
        "name" : "minecraft:oxidized_double_cut_copper_slab",
        "id" : -371
    },
    {
        "name" : "minecraft:packed_ice",
        "id" : 174
    },
    {
        "name" : "minecraft:painting",
        "id" : 357
    },
    {
        "name" : "minecraft:panda_spawn_egg",
        "id" : 489
    },
    {
        "name" : "minecraft:paper",
        "id" : 386
    },
    {
        "name" : "minecraft:parrot_spawn_egg",
        "id" : 478
    },
    {
        "name" : "minecraft:phantom_membrane",
        "id" : 574
    },
    {
        "name" : "minecraft:phantom_spawn_egg",
        "id" : 486
    },
    {
        "name" : "minecraft:pig_spawn_egg",
        "id" : 437
    },
    {
        "name" : "minecraft:piglin_banner_pattern",
        "id" : 587
    },
    {
        "name" : "minecraft:piglin_brute_spawn_egg",
        "id" : 499
    },
    {
        "name" : "minecraft:piglin_spawn_egg",
        "id" : 497
    },
    {
        "name" : "minecraft:pillager_spawn_egg",
        "id" : 491
    },
    {
        "name" : "minecraft:pink_candle",
        "id" : -419
    },
    {
        "name" : "minecraft:pink_candle_cake",
        "id" : -436
    },
    {
        "name" : "minecraft:pink_dye",
        "id" : 404
    },
    {
        "name" : "minecraft:pink_glazed_terracotta",
        "id" : 226
    },
    {
        "name" : "minecraft:piston",
        "id" : 33
    },
    {
        "name" : "minecraft:pistonarmcollision",
        "id" : 34
    },
    {
        "name" : "minecraft:planks",
        "id" : 5
    },
    {
        "name" : "minecraft:podzol",
        "id" : 243
    },
    {
        "name" : "minecraft:pointed_dripstone",
        "id" : -308
    },
    {
        "name" : "minecraft:poisonous_potato",
        "id" : 282
    },
    {
        "name" : "minecraft:polar_bear_spawn_egg",
        "id" : 472
    },
    {
        "name" : "minecraft:polished_andesite_stairs",
        "id" : -174
    },
    {
        "name" : "minecraft:polished_basalt",
        "id" : -235
    },
    {
        "name" : "minecraft:polished_blackstone",
        "id" : -291
    },
    {
        "name" : "minecraft:polished_blackstone_brick_double_slab",
        "id" : -285
    },
    {
        "name" : "minecraft:polished_blackstone_brick_slab",
        "id" : -284
    },
    {
        "name" : "minecraft:polished_blackstone_brick_stairs",
        "id" : -275
    },
    {
        "name" : "minecraft:polished_blackstone_brick_wall",
        "id" : -278
    },
    {
        "name" : "minecraft:polished_blackstone_bricks",
        "id" : -274
    },
    {
        "name" : "minecraft:polished_blackstone_button",
        "id" : -296
    },
    {
        "name" : "minecraft:polished_blackstone_double_slab",
        "id" : -294
    },
    {
        "name" : "minecraft:polished_blackstone_pressure_plate",
        "id" : -295
    },
    {
        "name" : "minecraft:polished_blackstone_slab",
        "id" : -293
    },
    {
        "name" : "minecraft:polished_blackstone_stairs",
        "id" : -292
    },
    {
        "name" : "minecraft:polished_blackstone_wall",
        "id" : -297
    },
    {
        "name" : "minecraft:polished_deepslate",
        "id" : -383
    },
    {
        "name" : "minecraft:polished_deepslate_double_slab",
        "id" : -397
    },
    {
        "name" : "minecraft:polished_deepslate_slab",
        "id" : -384
    },
    {
        "name" : "minecraft:polished_deepslate_stairs",
        "id" : -385
    },
    {
        "name" : "minecraft:polished_deepslate_wall",
        "id" : -386
    },
    {
        "name" : "minecraft:polished_diorite_stairs",
        "id" : -173
    },
    {
        "name" : "minecraft:polished_granite_stairs",
        "id" : -172
    },
    {
        "name" : "minecraft:popped_chorus_fruit",
        "id" : 559
    },
    {
        "name" : "minecraft:porkchop",
        "id" : 262
    },
    {
        "name" : "minecraft:portal",
        "id" : 90
    },
    {
        "name" : "minecraft:potato",
        "id" : 280
    },
    {
        "name" : "minecraft:potatoes",
        "id" : 142
    },
    {
        "name" : "minecraft:potion",
        "id" : 426
    },
    {
        "name" : "minecraft:powder_snow",
        "id" : -306
    },
    {
        "name" : "minecraft:powder_snow_bucket",
        "id" : 368
    },
    {
        "name" : "minecraft:powered_comparator",
        "id" : 150
    },
    {
        "name" : "minecraft:powered_repeater",
        "id" : 94
    },
    {
        "name" : "minecraft:prismarine",
        "id" : 168
    },
    {
        "name" : "minecraft:prismarine_bricks_stairs",
        "id" : -4
    },
    {
        "name" : "minecraft:prismarine_crystals",
        "id" : 549
    },
    {
        "name" : "minecraft:prismarine_shard",
        "id" : 565
    },
    {
        "name" : "minecraft:prismarine_stairs",
        "id" : -2
    },
    {
        "name" : "minecraft:pufferfish",
        "id" : 267
    },
    {
        "name" : "minecraft:pufferfish_bucket",
        "id" : 367
    },
    {
        "name" : "minecraft:pufferfish_spawn_egg",
        "id" : 481
    },
    {
        "name" : "minecraft:pumpkin",
        "id" : 86
    },
    {
        "name" : "minecraft:pumpkin_pie",
        "id" : 284
    },
    {
        "name" : "minecraft:pumpkin_seeds",
        "id" : 292
    },
    {
        "name" : "minecraft:pumpkin_stem",
        "id" : 104
    },
    {
        "name" : "minecraft:purple_candle",
        "id" : -423
    },
    {
        "name" : "minecraft:purple_candle_cake",
        "id" : -440
    },
    {
        "name" : "minecraft:purple_dye",
        "id" : 400
    },
    {
        "name" : "minecraft:purple_glazed_terracotta",
        "id" : 219
    },
    {
        "name" : "minecraft:purpur_block",
        "id" : 201
    },
    {
        "name" : "minecraft:purpur_stairs",
        "id" : 203
    },
    {
        "name" : "minecraft:quartz",
        "id" : 524
    },
    {
        "name" : "minecraft:quartz_block",
        "id" : 155
    },
    {
        "name" : "minecraft:quartz_bricks",
        "id" : -304
    },
    {
        "name" : "minecraft:quartz_ore",
        "id" : 153
    },
    {
        "name" : "minecraft:quartz_stairs",
        "id" : 156
    },
    {
        "name" : "minecraft:rabbit",
        "id" : 288
    },
    {
        "name" : "minecraft:rabbit_foot",
        "id" : 528
    },
    {
        "name" : "minecraft:rabbit_hide",
        "id" : 529
    },
    {
        "name" : "minecraft:rabbit_spawn_egg",
        "id" : 459
    },
    {
        "name" : "minecraft:rabbit_stew",
        "id" : 290
    },
    {
        "name" : "minecraft:rail",
        "id" : 66
    },
    {
        "name" : "minecraft:rapid_fertilizer",
        "id" : 597
    },
    {
        "name" : "minecraft:ravager_spawn_egg",
        "id" : 493
    },
    {
        "name" : "minecraft:raw_copper",
        "id" : 507
    },
    {
        "name" : "minecraft:raw_copper_block",
        "id" : -452
    },
    {
        "name" : "minecraft:raw_gold",
        "id" : 506
    },
    {
        "name" : "minecraft:raw_gold_block",
        "id" : -453
    },
    {
        "name" : "minecraft:raw_iron",
        "id" : 505
    },
    {
        "name" : "minecraft:raw_iron_block",
        "id" : -451
    },
    {
        "name" : "minecraft:real_double_stone_slab",
        "id" : 43
    },
    {
        "name" : "minecraft:real_double_stone_slab2",
        "id" : 181
    },
    {
        "name" : "minecraft:real_double_stone_slab3",
        "id" : -167
    },
    {
        "name" : "minecraft:real_double_stone_slab4",
        "id" : -168
    },
    {
        "name" : "minecraft:red_candle",
        "id" : -427
    },
    {
        "name" : "minecraft:red_candle_cake",
        "id" : -444
    },
    {
        "name" : "minecraft:red_dye",
        "id" : 396
    },
    {
        "name" : "minecraft:red_flower",
        "id" : 38
    },
    {
        "name" : "minecraft:red_glazed_terracotta",
        "id" : 234
    },
    {
        "name" : "minecraft:red_mushroom",
        "id" : 40
    },
    {
        "name" : "minecraft:red_mushroom_block",
        "id" : 100
    },
    {
        "name" : "minecraft:red_nether_brick",
        "id" : 215
    },
    {
        "name" : "minecraft:red_nether_brick_stairs",
        "id" : -184
    },
    {
        "name" : "minecraft:red_sandstone",
        "id" : 179
    },
    {
        "name" : "minecraft:red_sandstone_stairs",
        "id" : 180
    },
    {
        "name" : "minecraft:redstone",
        "id" : 373
    },
    {
        "name" : "minecraft:redstone_block",
        "id" : 152
    },
    {
        "name" : "minecraft:redstone_lamp",
        "id" : 123
    },
    {
        "name" : "minecraft:redstone_ore",
        "id" : 73
    },
    {
        "name" : "minecraft:redstone_torch",
        "id" : 76
    },
    {
        "name" : "minecraft:redstone_wire",
        "id" : 55
    },
    {
        "name" : "minecraft:repeater",
        "id" : 419
    },
    {
        "name" : "minecraft:repeating_command_block",
        "id" : 188
    },
    {
        "name" : "minecraft:reserved6",
        "id" : 255
    },
    {
        "name" : "minecraft:respawn_anchor",
        "id" : -272
    },
    {
        "name" : "minecraft:rotten_flesh",
        "id" : 277
    },
    {
        "name" : "minecraft:saddle",
        "id" : 371
    },
    {
        "name" : "minecraft:salmon",
        "id" : 265
    },
    {
        "name" : "minecraft:salmon_bucket",
        "id" : 365
    },
    {
        "name" : "minecraft:salmon_spawn_egg",
        "id" : 482
    },
    {
        "name" : "minecraft:sand",
        "id" : 12
    },
    {
        "name" : "minecraft:sandstone",
        "id" : 24
    },
    {
        "name" : "minecraft:sandstone_stairs",
        "id" : 128
    },
    {
        "name" : "minecraft:sapling",
        "id" : 6
    },
    {
        "name" : "minecraft:scaffolding",
        "id" : -165
    },
    {
        "name" : "minecraft:sculk_sensor",
        "id" : -307
    },
    {
        "name" : "minecraft:scute",
        "id" : 572
    },
    {
        "name" : "minecraft:sea_pickle",
        "id" : -156
    },
    {
        "name" : "minecraft:seagrass",
        "id" : -130
    },
    {
        "name" : "minecraft:sealantern",
        "id" : 169
    },
    {
        "name" : "minecraft:shears",
        "id" : 421
    },
    {
        "name" : "minecraft:sheep_spawn_egg",
        "id" : 438
    },
    {
        "name" : "minecraft:shield",
        "id" : 355
    },
    {
        "name" : "minecraft:shroomlight",
        "id" : -230
    },
    {
        "name" : "minecraft:shulker_box",
        "id" : 218
    },
    {
        "name" : "minecraft:shulker_shell",
        "id" : 566
    },
    {
        "name" : "minecraft:shulker_spawn_egg",
        "id" : 469
    },
    {
        "name" : "minecraft:silver_glazed_terracotta",
        "id" : 228
    },
    {
        "name" : "minecraft:silverfish_spawn_egg",
        "id" : 443
    },
    {
        "name" : "minecraft:skeleton_horse_spawn_egg",
        "id" : 467
    },
    {
        "name" : "minecraft:skeleton_spawn_egg",
        "id" : 444
    },
    {
        "name" : "minecraft:skull",
        "id" : 516
    },
    {
        "name" : "minecraft:skull_banner_pattern",
        "id" : 583
    },
    {
        "name" : "minecraft:slime",
        "id" : 165
    },
    {
        "name" : "minecraft:slime_ball",
        "id" : 388
    },
    {
        "name" : "minecraft:slime_spawn_egg",
        "id" : 445
    },
    {
        "name" : "minecraft:small_amethyst_bud",
        "id" : -332
    },
    {
        "name" : "minecraft:small_dripleaf_block",
        "id" : -336
    },
    {
        "name" : "minecraft:smithing_table",
        "id" : -202
    },
    {
        "name" : "minecraft:smoker",
        "id" : -198
    },
    {
        "name" : "minecraft:smooth_basalt",
        "id" : -377
    },
    {
        "name" : "minecraft:smooth_quartz_stairs",
        "id" : -185
    },
    {
        "name" : "minecraft:smooth_red_sandstone_stairs",
        "id" : -176
    },
    {
        "name" : "minecraft:smooth_sandstone_stairs",
        "id" : -177
    },
    {
        "name" : "minecraft:smooth_stone",
        "id" : -183
    },
    {
        "name" : "minecraft:snow",
        "id" : 80
    },
    {
        "name" : "minecraft:snow_layer",
        "id" : 78
    },
    {
        "name" : "minecraft:snowball",
        "id" : 374
    },
    {
        "name" : "minecraft:soul_campfire",
        "id" : 621
    },
    {
        "name" : "minecraft:soul_fire",
        "id" : -237
    },
    {
        "name" : "minecraft:soul_lantern",
        "id" : -269
    },
    {
        "name" : "minecraft:soul_sand",
        "id" : 88
    },
    {
        "name" : "minecraft:soul_soil",
        "id" : -236
    },
    {
        "name" : "minecraft:soul_torch",
        "id" : -268
    },
    {
        "name" : "minecraft:sparkler",
        "id" : 600
    },
    {
        "name" : "minecraft:spawn_egg",
        "id" : 629
    },
    {
        "name" : "minecraft:spider_eye",
        "id" : 278
    },
    {
        "name" : "minecraft:spider_spawn_egg",
        "id" : 446
    },
    {
        "name" : "minecraft:splash_potion",
        "id" : 561
    },
    {
        "name" : "minecraft:sponge",
        "id" : 19
    },
    {
        "name" : "minecraft:spore_blossom",
        "id" : -321
    },
    {
        "name" : "minecraft:spruce_boat",
        "id" : 378
    },
    {
        "name" : "minecraft:spruce_button",
        "id" : -144
    },
    {
        "name" : "minecraft:spruce_door",
        "id" : 553
    },
    {
        "name" : "minecraft:spruce_fence_gate",
        "id" : 183
    },
    {
        "name" : "minecraft:spruce_pressure_plate",
        "id" : -154
    },
    {
        "name" : "minecraft:spruce_sign",
        "id" : 576
    },
    {
        "name" : "minecraft:spruce_stairs",
        "id" : 134
    },
    {
        "name" : "minecraft:spruce_standing_sign",
        "id" : -181
    },
    {
        "name" : "minecraft:spruce_trapdoor",
        "id" : -149
    },
    {
        "name" : "minecraft:spruce_wall_sign",
        "id" : -182
    },
    {
        "name" : "minecraft:spyglass",
        "id" : 772
    },
    {
        "name" : "minecraft:squid_spawn_egg",
        "id" : 450
    },
    {
        "name" : "minecraft:stained_glass",
        "id" : 241
    },
    {
        "name" : "minecraft:stained_glass_pane",
        "id" : 160
    },
    {
        "name" : "minecraft:stained_hardened_clay",
        "id" : 159
    },
    {
        "name" : "minecraft:standing_banner",
        "id" : 176
    },
    {
        "name" : "minecraft:standing_sign",
        "id" : 63
    },
    {
        "name" : "minecraft:stick",
        "id" : 320
    },
    {
        "name" : "minecraft:sticky_piston",
        "id" : 29
    },
    {
        "name" : "minecraft:stickypistonarmcollision",
        "id" : -217
    },
    {
        "name" : "minecraft:stone",
        "id" : 1
    },
    {
        "name" : "minecraft:stone_axe",
        "id" : 315
    },
    {
        "name" : "minecraft:stone_brick_stairs",
        "id" : 109
    },
    {
        "name" : "minecraft:stone_button",
        "id" : 77
    },
    {
        "name" : "minecraft:stone_hoe",
        "id" : 330
    },
    {
        "name" : "minecraft:stone_pickaxe",
        "id" : 314
    },
    {
        "name" : "minecraft:stone_pressure_plate",
        "id" : 70
    },
    {
        "name" : "minecraft:stone_shovel",
        "id" : 313
    },
    {
        "name" : "minecraft:stone_stairs",
        "id" : 67
    },
    {
        "name" : "minecraft:stone_sword",
        "id" : 312
    },
    {
        "name" : "minecraft:stonebrick",
        "id" : 98
    },
    {
        "name" : "minecraft:stonecutter",
        "id" : 245
    },
    {
        "name" : "minecraft:stonecutter_block",
        "id" : -197
    },
    {
        "name" : "minecraft:stray_spawn_egg",
        "id" : 462
    },
    {
        "name" : "minecraft:strider_spawn_egg",
        "id" : 495
    },
    {
        "name" : "minecraft:string",
        "id" : 326
    },
    {
        "name" : "minecraft:stripped_acacia_log",
        "id" : -8
    },
    {
        "name" : "minecraft:stripped_birch_log",
        "id" : -6
    },
    {
        "name" : "minecraft:stripped_crimson_hyphae",
        "id" : -300
    },
    {
        "name" : "minecraft:stripped_crimson_stem",
        "id" : -240
    },
    {
        "name" : "minecraft:stripped_dark_oak_log",
        "id" : -9
    },
    {
        "name" : "minecraft:stripped_jungle_log",
        "id" : -7
    },
    {
        "name" : "minecraft:stripped_oak_log",
        "id" : -10
    },
    {
        "name" : "minecraft:stripped_spruce_log",
        "id" : -5
    },
    {
        "name" : "minecraft:stripped_warped_hyphae",
        "id" : -301
    },
    {
        "name" : "minecraft:stripped_warped_stem",
        "id" : -241
    },
    {
        "name" : "minecraft:structure_block",
        "id" : 252
    },
    {
        "name" : "minecraft:structure_void",
        "id" : 217
    },
    {
        "name" : "minecraft:sugar",
        "id" : 416
    },
    {
        "name" : "minecraft:sugar_cane",
        "id" : 385
    },
    {
        "name" : "minecraft:suspicious_stew",
        "id" : 589
    },
    {
        "name" : "minecraft:sweet_berries",
        "id" : 287
    },
    {
        "name" : "minecraft:sweet_berry_bush",
        "id" : -207
    },
    {
        "name" : "minecraft:tallgrass",
        "id" : 31
    },
    {
        "name" : "minecraft:target",
        "id" : -239
    },
    {
        "name" : "minecraft:tinted_glass",
        "id" : -334
    },
    {
        "name" : "minecraft:tnt",
        "id" : 46
    },
    {
        "name" : "minecraft:tnt_minecart",
        "id" : 525
    },
    {
        "name" : "minecraft:torch",
        "id" : 50
    },
    {
        "name" : "minecraft:totem_of_undying",
        "id" : 568
    },
    {
        "name" : "minecraft:trapdoor",
        "id" : 96
    },
    {
        "name" : "minecraft:trapped_chest",
        "id" : 146
    },
    {
        "name" : "minecraft:trident",
        "id" : 546
    },
    {
        "name" : "minecraft:tripwire",
        "id" : 132
    },
    {
        "name" : "minecraft:tripwire_hook",
        "id" : 131
    },
    {
        "name" : "minecraft:tropical_fish",
        "id" : 266
    },
    {
        "name" : "minecraft:tropical_fish_bucket",
        "id" : 366
    },
    {
        "name" : "minecraft:tropical_fish_spawn_egg",
        "id" : 479
    },
    {
        "name" : "minecraft:tuff",
        "id" : -333
    },
    {
        "name" : "minecraft:turtle_egg",
        "id" : -159
    },
    {
        "name" : "minecraft:turtle_helmet",
        "id" : 573
    },
    {
        "name" : "minecraft:turtle_spawn_egg",
        "id" : 485
    },
    {
        "name" : "minecraft:twisting_vines",
        "id" : -287
    },
    {
        "name" : "minecraft:underwater_torch",
        "id" : 239
    },
    {
        "name" : "minecraft:undyed_shulker_box",
        "id" : 205
    },
    {
        "name" : "minecraft:unknown",
        "id" : -305
    },
    {
        "name" : "minecraft:unlit_redstone_torch",
        "id" : 75
    },
    {
        "name" : "minecraft:unpowered_comparator",
        "id" : 149
    },
    {
        "name" : "minecraft:unpowered_repeater",
        "id" : 93
    },
    {
        "name" : "minecraft:vex_spawn_egg",
        "id" : 476
    },
    {
        "name" : "minecraft:villager_spawn_egg",
        "id" : 449
    },
    {
        "name" : "minecraft:vindicator_spawn_egg",
        "id" : 474
    },
    {
        "name" : "minecraft:vine",
        "id" : 106
    },
    {
        "name" : "minecraft:wall_banner",
        "id" : 177
    },
    {
        "name" : "minecraft:wall_sign",
        "id" : 68
    },
    {
        "name" : "minecraft:wandering_trader_spawn_egg",
        "id" : 492
    },
    {
        "name" : "minecraft:warped_button",
        "id" : -261
    },
    {
        "name" : "minecraft:warped_door",
        "id" : 616
    },
    {
        "name" : "minecraft:warped_double_slab",
        "id" : -267
    },
    {
        "name" : "minecraft:warped_fence",
        "id" : -257
    },
    {
        "name" : "minecraft:warped_fence_gate",
        "id" : -259
    },
    {
        "name" : "minecraft:warped_fungus",
        "id" : -229
    },
    {
        "name" : "minecraft:warped_fungus_on_a_stick",
        "id" : 617
    },
    {
        "name" : "minecraft:warped_hyphae",
        "id" : -298
    },
    {
        "name" : "minecraft:warped_nylium",
        "id" : -233
    },
    {
        "name" : "minecraft:warped_planks",
        "id" : -243
    },
    {
        "name" : "minecraft:warped_pressure_plate",
        "id" : -263
    },
    {
        "name" : "minecraft:warped_roots",
        "id" : -224
    },
    {
        "name" : "minecraft:warped_sign",
        "id" : 614
    },
    {
        "name" : "minecraft:warped_slab",
        "id" : -265
    },
    {
        "name" : "minecraft:warped_stairs",
        "id" : -255
    },
    {
        "name" : "minecraft:warped_standing_sign",
        "id" : -251
    },
    {
        "name" : "minecraft:warped_stem",
        "id" : -226
    },
    {
        "name" : "minecraft:warped_trapdoor",
        "id" : -247
    },
    {
        "name" : "minecraft:warped_wall_sign",
        "id" : -253
    },
    {
        "name" : "minecraft:warped_wart_block",
        "id" : -227
    },
    {
        "name" : "minecraft:water",
        "id" : 9
    },
    {
        "name" : "minecraft:water_bucket",
        "id" : 362
    },
    {
        "name" : "minecraft:waterlily",
        "id" : 111
    },
    {
        "name" : "minecraft:waxed_copper",
        "id" : -344
    },
    {
        "name" : "minecraft:waxed_cut_copper",
        "id" : -351
    },
    {
        "name" : "minecraft:waxed_cut_copper_slab",
        "id" : -365
    },
    {
        "name" : "minecraft:waxed_cut_copper_stairs",
        "id" : -358
    },
    {
        "name" : "minecraft:waxed_double_cut_copper_slab",
        "id" : -372
    },
    {
        "name" : "minecraft:waxed_exposed_copper",
        "id" : -345
    },
    {
        "name" : "minecraft:waxed_exposed_cut_copper",
        "id" : -352
    },
    {
        "name" : "minecraft:waxed_exposed_cut_copper_slab",
        "id" : -366
    },
    {
        "name" : "minecraft:waxed_exposed_cut_copper_stairs",
        "id" : -359
    },
    {
        "name" : "minecraft:waxed_exposed_double_cut_copper_slab",
        "id" : -373
    },
    {
        "name" : "minecraft:waxed_oxidized_copper",
        "id" : -446
    },
    {
        "name" : "minecraft:waxed_oxidized_cut_copper",
        "id" : -447
    },
    {
        "name" : "minecraft:waxed_oxidized_cut_copper_slab",
        "id" : -449
    },
    {
        "name" : "minecraft:waxed_oxidized_cut_copper_stairs",
        "id" : -448
    },
    {
        "name" : "minecraft:waxed_oxidized_double_cut_copper_slab",
        "id" : -450
    },
    {
        "name" : "minecraft:waxed_weathered_copper",
        "id" : -346
    },
    {
        "name" : "minecraft:waxed_weathered_cut_copper",
        "id" : -353
    },
    {
        "name" : "minecraft:waxed_weathered_cut_copper_slab",
        "id" : -367
    },
    {
        "name" : "minecraft:waxed_weathered_cut_copper_stairs",
        "id" : -360
    },
    {
        "name" : "minecraft:waxed_weathered_double_cut_copper_slab",
        "id" : -374
    },
    {
        "name" : "minecraft:weathered_copper",
        "id" : -342
    },
    {
        "name" : "minecraft:weathered_cut_copper",
        "id" : -349
    },
    {
        "name" : "minecraft:weathered_cut_copper_slab",
        "id" : -363
    },
    {
        "name" : "minecraft:weathered_cut_copper_stairs",
        "id" : -356
    },
    {
        "name" : "minecraft:weathered_double_cut_copper_slab",
        "id" : -370
    },
    {
        "name" : "minecraft:web",
        "id" : 30
    },
    {
        "name" : "minecraft:weeping_vines",
        "id" : -231
    },
    {
        "name" : "minecraft:wheat",
        "id" : 334
    },
    {
        "name" : "minecraft:wheat_seeds",
        "id" : 291
    },
    {
        "name" : "minecraft:white_candle",
        "id" : -413
    },
    {
        "name" : "minecraft:white_candle_cake",
        "id" : -430
    },
    {
        "name" : "minecraft:white_dye",
        "id" : 410
    },
    {
        "name" : "minecraft:white_glazed_terracotta",
        "id" : 220
    },
    {
        "name" : "minecraft:witch_spawn_egg",
        "id" : 452
    },
    {
        "name" : "minecraft:wither_rose",
        "id" : -216
    },
    {
        "name" : "minecraft:wither_skeleton_spawn_egg",
        "id" : 464
    },
    {
        "name" : "minecraft:wolf_spawn_egg",
        "id" : 439
    },
    {
        "name" : "minecraft:wood",
        "id" : -212
    },
    {
        "name" : "minecraft:wooden_axe",
        "id" : 311
    },
    {
        "name" : "minecraft:wooden_button",
        "id" : 143
    },
    {
        "name" : "minecraft:wooden_door",
        "id" : 359
    },
    {
        "name" : "minecraft:wooden_hoe",
        "id" : 329
    },
    {
        "name" : "minecraft:wooden_pickaxe",
        "id" : 310
    },
    {
        "name" : "minecraft:wooden_pressure_plate",
        "id" : 72
    },
    {
        "name" : "minecraft:wooden_shovel",
        "id" : 309
    },
    {
        "name" : "minecraft:wooden_slab",
        "id" : 158
    },
    {
        "name" : "minecraft:wooden_sword",
        "id" : 308
    },
    {
        "name" : "minecraft:wool",
        "id" : 35
    },
    {
        "name" : "minecraft:writable_book",
        "id" : 510
    },
    {
        "name" : "minecraft:written_book",
        "id" : 511
    },
    {
        "name" : "minecraft:yellow_candle",
        "id" : -417
    },
    {
        "name" : "minecraft:yellow_candle_cake",
        "id" : -434
    },
    {
        "name" : "minecraft:yellow_dye",
        "id" : 406
    },
    {
        "name" : "minecraft:yellow_flower",
        "id" : 37
    },
    {
        "name" : "minecraft:yellow_glazed_terracotta",
        "id" : 224
    },
    {
        "name" : "minecraft:zoglin_spawn_egg",
        "id" : 498
    },
    {
        "name" : "minecraft:zombie_horse_spawn_egg",
        "id" : 468
    },
    {
        "name" : "minecraft:zombie_pigman_spawn_egg",
        "id" : 448
    },
    {
        "name" : "minecraft:zombie_spawn_egg",
        "id" : 447
    },
    {
        "name" : "minecraft:zombie_villager_spawn_egg",
        "id" : 477
    }
]